name,symbol,instrument type,exchange,industry
Nordic Semiconductor ASA,NOD.OL,Stocks,Oslo,Technology
MPC Container Ships ASA,MPCC.OL,Stocks,Oslo,IndustrialGoods
REC Silicon ASA,RECSI.OL,Stocks,Oslo,Technology
P/F Bakkafrost,BAKKA.OL,Stocks,Oslo,ConsumerGoods
Aker Solutions,AKSO.OL,Stocks,Oslo,BasicMaterials
BW LPG,BWLPG.OL,Stocks,Oslo,Utilities
DNB Bank ASA,DNB.OL,Stocks,Oslo,Financial
DNO ASA,DNO.OL,Stocks,Oslo,BasicMaterials
Gjensidige Forsikring,GJF.OL,Stocks,Oslo,Services
Mowi ASA,MOWI.OL,Stocks,Oslo,ConsumerGoods
Norsk Hydro,NHY.OL,Stocks,Oslo,IndustrialGoods
Norwegian Air Shuttle,NAS.OL,Stocks,Oslo,Services
Orkla,ORK.OL,Stocks,Oslo,ConsumerGoods
Petroleum Geo-Services,PGS.OL,Stocks,Oslo,BasicMaterials
Prosafe,PRS.OL,Stocks,Oslo,BasicMaterials
Storebrand,STB.OL,Stocks,Oslo,Services
Subsea 7,SUBC.OL,Stocks,Oslo,BasicMaterials
Telenor,TEL.OL,Stocks,Oslo,Utilities
TGS-NOPEC,TGS.OL,Stocks,Oslo,BasicMaterials
Yara International,YAR.OL,Stocks,Oslo,IndustrialGoods
Cavendish Hydrogen ASA,CAVEN.OL,Stocks,Oslo,Services
Solstad Maritime Holding AS,SOMA.OL,Stocks,Oslo,Services
Aker BP ASA,AKRBP.OL,Stocks,Oslo,IndustrialGoods
Equinor ASA,EQNR.OL,Stocks,Oslo,IndustrialGoods
NEL ASA,NEL.OL,Stocks,Oslo,IndustrialGoods
SalMar ASA,SALM.OL,Stocks,Oslo,ConsumerGoods
Tomra Systems,TOM.OL,Stocks,Oslo,IndustrialGoods
Scatec ASA,SCATC.OL,Stocks,Oslo,Services
Kongsberg Gruppen ASA,KOG.OL,Stocks,Oslo,IndustrialGoods
Var Energi ASA,VAR.OL,Stocks,Oslo,Utilities
Frontline Plc,FRO.OL,Stocks,Oslo,IndustrialGoods
Dof Group ASA,DOFG.OL,Stocks,Oslo,Utilities
Hoegh Autoliners ASA,HAUTO.OL,Stocks,Oslo,IndustrialGoods
Wallenius Wilhelmsen ASA,WAWI.OL,Stocks,Oslo,IndustrialGoods
AutoStore Holdings Ltd,AUTO.OL,Stocks,Oslo,Technology
Cadeler A/S,CADLR.OL,Stocks,Oslo,Utilities
Leroy Seafood Group ASA,LSG.OL,Stocks,Oslo,ConsumerGoods
Grieg Seafood ASA,GSF.OL,Stocks,Oslo,ConsumerGoods
Paratus Energy Services Ltd,PLSV.OL,Stocks,Oslo,Utilities
Hexagon Composites ASA,HEX.OL,Stocks,Oslo,IndustrialGoods
Borr Drilling Ltd,BORR.OL,Stocks,Oslo,Utilities
Sparebank 1 SR Bank ASA,SB1NO.OL,Stocks,Oslo,Financial
Aker Carbon Capture ASA,ACC.OL,Stocks,Oslo,Utilities
Protector Forsikring ASA,PROT.OL,Stocks,Oslo,Financial
Elkem ASA,ELK.OL,Stocks,Oslo,IndustrialGoods
Aker ASA,AKER.OL,Stocks,Oslo,Financial
Elopak ASA,ELO.OL,Stocks,Oslo,IndustrialGoods
Sats ASA,SATS.OL,Stocks,Oslo,ConsumerGoods
Bluenord ASA,BNOR.OL,Stocks,Oslo,Utilities
Odfjell Drilling Ltd,ODL.OL,Stocks,Oslo,Utilities
Nykode Therapeutics ASA,NYKD.OL,Stocks,Oslo,ConsumerGoods
Okeanis Eco Tankers Corp,OET.OL,Stocks,Oslo,IndustrialGoods
Entra ASA,ENTRA.OL,Stocks,Oslo,Financial
Kitron ASA,KIT.OL,Stocks,Oslo,IndustrialGoods
Stolt-Nielsen Ltd,SNI.OL,Stocks,Oslo,IndustrialGoods
Sparebank 1 SMN,MING.OL,Stocks,Oslo,Financial
Europris ASA,EPR.OL,Stocks,Oslo,ConsumerGoods
Panoro Energy ASA,PEN.OL,Stocks,Oslo,Utilities
Austevoll Seafood ASA,AUSS.OL,Stocks,Oslo,ConsumerGoods
Northern Ocean Ltd,NOL.OL,Stocks,Oslo,Utilities
Kongsberg Automotive ASA,KOA.OL,Stocks,Oslo,ConsumerGoods
Borregaard ASA,BRG.OL,Stocks,Oslo,BasicMaterials
Norbit ASA,NORBT.OL,Stocks,Oslo,IndustrialGoods
2020 Bulkers Ltd,2020.OL,Stocks,Oslo,IndustrialGoods
Link Mobility Group Holding ASA,LINK.OL,Stocks,Oslo,Technology
Sparebanken Norge,SBNOR.OL,Stocks,Oslo,Financial
Nordic Mining ASA,NOM.OL,Stocks,Oslo,BasicMaterials
Norconsult ASA,NORCO.OL,Stocks,Oslo,IndustrialGoods
Norsk Titanium AS,NTI.OL,Stocks,Oslo,IndustrialGoods
Himalaya Shipping Ltd,HSHP.OL,Stocks,Oslo,IndustrialGoods
Shelf Drilling Ltd,SHLF.OL,Stocks,Oslo,Utilities
Solstad Offshore ASA,SOFF.OL,Stocks,Oslo,IndustrialGoods
Aker Biomarine ASA,AKBM.OL,Stocks,Oslo,ConsumerGoods
Atea ASA,ATEA.OL,Stocks,Oslo,Services
Odfjell SE,ODF.OL,Stocks,Oslo,IndustrialGoods
Sparebank 1 Nord-Norge,NONG.OL,Stocks,Oslo,Financial
Klaveness Combination Carriers ASA,KCC.OL,Stocks,Oslo,IndustrialGoods
Pexip Holding ASA,PEXIP.OL,Stocks,Oslo,Technology
Norske Skog ASA,NSKOG.OL,Stocks,Oslo,BasicMaterials
Siem Offshore Inc,SEA1.OL,Stocks,Oslo,Utilities
Wilh Wilhelmsen Holding ASA,WWI.OL,Stocks,Oslo,ConsumerGoods
Bonheur ASA,BONHR.OL,Stocks,Oslo,IndustrialGoods
Rana Gruber ASA,RANA.OL,Stocks,Oslo,BasicMaterials
Veidekke ASA,VEI.OL,Stocks,Oslo,IndustrialGoods
Ensurge Micropower ASA,ENSU.OL,Stocks,Oslo,IndustrialGoods
BW Energy Ltd,BWE.OL,Stocks,Oslo,Utilities
Public Property Invest ASA,PUBLI.OL,Stocks,Oslo,Financial
Kid ASA,KID.OL,Stocks,Oslo,ConsumerGoods
Salmon Evolution ASA,SALME.OL,Stocks,Oslo,ConsumerGoods
Ventura Offshore Holding Ltd,VTURA.OL,Stocks,Oslo,Financial
Elmera Group ASA,ELMRA.OL,Stocks,Oslo,Utilities
Okea ASA,OKEA.OL,Stocks,Oslo,Utilities
Polight ASA,PLT.OL,Stocks,Oslo,IndustrialGoods
Norse Atlantic ASA,NORSE.OL,Stocks,Oslo,ConsumerGoods
Hexagon Purus ASA,HPUR.OL,Stocks,Oslo,IndustrialGoods
Cool Company Ltd,CLCO.OL,Stocks,Oslo,IndustrialGoods
Magnora ASA,MGN.OL,Stocks,Oslo,Utilities
Odfjell Technology Ltd,OTL.OL,Stocks,Oslo,Utilities
Odfjell SE,ODFB.OL,Stocks,Oslo,IndustrialGoods
Elliptic Laboratories ASA,ELABS.OL,Stocks,Oslo,Technology
Akastor ASA,AKAST.OL,Stocks,Oslo,Utilities
Scana ASA,SCANA.OL,Stocks,Oslo,IndustrialGoods
Endur ASA,ENDUR.OL,Stocks,Oslo,IndustrialGoods
Cloudberry Clean Energy ASA,CLOUD.OL,Stocks,Oslo,Utilities
Deep Value Driller AS,DVD.OL,Stocks,Oslo,Utilities
Aker Horizons ASA,AKH.OL,Stocks,Oslo,Financial
Reach Subsea ASA,REACH.OL,Stocks,Oslo,Utilities
Zaptec ASA,ZAP.OL,Stocks,Oslo,ConsumerGoods
Agilyx ASA,AGLX.OL,Stocks,Oslo,IndustrialGoods
Sparebank 1 Ostlandet,SPOL.OL,Stocks,Oslo,Financial
Bouvet ASA,BOUV.OL,Stocks,Oslo,Technology
Oncoinvent ASA,ONCIN.OL,Stocks,Oslo,ConsumerGoods
BW Offshore Ltd,BWO.OL,Stocks,Oslo,IndustrialGoods
Napatech A/S,NAPA.OL,Stocks,Oslo,Services
Af Gruppen ASA,AFG.OL,Stocks,Oslo,IndustrialGoods
Archer Ltd,ARCH.OL,Stocks,Oslo,Utilities
Gigante Salmon AS,GIGA.OL,Stocks,Oslo,ConsumerGoods
Photocure ASA,PHO.OL,Stocks,Oslo,ConsumerGoods
Smartcraft ASA,SMCRT.OL,Stocks,Oslo,Technology
Wilh Wilhelmsen Holding ASA,WWIB.OL,Stocks,Oslo,ConsumerGoods
Questerre Energy Corp (Canada),QEC.OL,Stocks,Oslo,Utilities
B2 Impact ASA,B2I.OL,Stocks,Oslo,Financial
Borgestad ASA,BOR.OL,Stocks,Oslo,Financial
Interoil Exploration and Production ASA,IOX.OL,Stocks,Oslo,Utilities
ABG Sundal Collier Holding ASA,ABG.OL,Stocks,Oslo,Financial
Petronor E&P ASA,PNOR.OL,Stocks,Oslo,Utilities
Idex Biometrics ASA,IDEX.OL,Stocks,Oslo,IndustrialGoods
Awilco LNG ASA,ALNG.OL,Stocks,Oslo,IndustrialGoods
Zelluna ASA,ZLNA.OL,Stocks,Oslo,ConsumerGoods
Noram Drilling AS,NORAM.OL,Stocks,Oslo,Utilities
Amsc ASA,AMSC.OL,Stocks,Oslo,IndustrialGoods
Multiconsult ASA,MULTI.OL,Stocks,Oslo,IndustrialGoods
Andfjord Salmon Group AS,ANDF.OL,Stocks,Oslo,ConsumerGoods
Sparebank 1 Helgeland,HELG.OL,Stocks,Oslo,Financial
Dolphin Drilling AS,DDRIL.OL,Stocks,Oslo,BasicMaterials
Medistim ASA,MEDI.OL,Stocks,Oslo,ConsumerGoods
Bewi ASA,BEWI.OL,Stocks,Oslo,IndustrialGoods
Abl Group ASA,ABL.OL,Stocks,Oslo,ConsumerGoods
Arcticzymes Technologies ASA,AZT.OL,Stocks,Oslo,ConsumerGoods
NRC Group ASA,NRC.OL,Stocks,Oslo,IndustrialGoods
Kmc Properties ASA,KMCP.OL,Stocks,Oslo,Financial
Saga Pure ASA,SAGA.OL,Stocks,Oslo,Financial
Pareto Bank ASA,PARB.OL,Stocks,Oslo,Financial
Vow ASA,VOW.OL,Stocks,Oslo,IndustrialGoods
Sparebanken More,MORG.OL,Stocks,Oslo,Financial
Olav Thon Eiendomsselskap ASA,OLT.OL,Stocks,Oslo,Financial
Eidesvik Offshore ASA,EIOF.OL,Stocks,Oslo,Utilities
Axactor ASA,ACR.OL,Stocks,Oslo,Financial
Next Biometrics Group ASA,NEXT.OL,Stocks,Oslo,IndustrialGoods
Rogaland Sparebank,ROGS.OL,Stocks,Oslo,Financial
SD Standard ETC PLC,SDSD.OL,Stocks,Oslo,Utilities
Sparebank 1 Ringerike Hadeland,RING.OL,Stocks,Oslo,Financial
Otovo ASA,OTOVO.OL,Stocks,Oslo,Utilities
Capsol Technologies ASA,CAPSL.OL,Stocks,Oslo,IndustrialGoods
Otello Corporation ASA,OTEC.OL,Stocks,Oslo,Technology
Lytix Biopharma AS,LYTIX.OL,Stocks,Oslo,ConsumerGoods
Morrow Bank ASA,MOBA.OL,Stocks,Oslo,Financial
Selvaag Bolig ASA,SBO.OL,Stocks,Oslo,ConsumerGoods
Nekkar Asa,NKR.OL,Stocks,Oslo,IndustrialGoods
Arendals Fossekompani ASA,AFK.OL,Stocks,Oslo,Utilities
SED Energy Holdings PLC,ENH.OL,Stocks,Oslo,Utilities
Ayfie International AS,AIX.OL,Stocks,Oslo,Technology
Sparebank 1 Ostfold Akershus,SOAG.OL,Stocks,Oslo,Financial
Cambi ASA,CAMBI.OL,Stocks,Oslo,IndustrialGoods
Tietoevry Oyj,TIETO.OL,Stocks,Oslo,Technology
Sparebank 1 Nordmore,SNOR.OL,Stocks,Oslo,Financial
Masoval AS,MAS.OL,Stocks,Oslo,ConsumerGoods
Icelandic Salmon AS,ISLAX.OL,Stocks,Oslo,ConsumerGoods
Strongpoint ASA,STRO.OL,Stocks,Oslo,Technology
Vistin Pharma ASA,VISTN.OL,Stocks,Oslo,ConsumerGoods
Sparebanken Ost,SPOG.OL,Stocks,Oslo,Financial
Romerike Sparebank,ROMER.OL,Stocks,Oslo,Financial
North Energy ASA,NORTH.OL,Stocks,Oslo,Utilities
Proximar Seafood AS,PROXI.OL,Stocks,Oslo,ConsumerGoods
Electromagnetic Geoservices ASA,EMGS.OL,Stocks,Oslo,Utilities
Xplora Technologies AS,XPLRA.OL,Stocks,Oslo,Financial
Elektroimportoren AS,ELIMP.OL,Stocks,Oslo,ConsumerGoods
Komplett ASA,KOMPL.OL,Stocks,Oslo,Services
Stainless Tankers ASA,STST.OL,Stocks,Oslo,IndustrialGoods
Aqua Bio Technology ASA,ABTEC.OL,Stocks,Oslo,ConsumerGoods
Lokotech Group AS,LOKO.OL,Stocks,Oslo,Technology
Bergen Carbon Solutions AS,BCS.OL,Stocks,Oslo,IndustrialGoods
Gentian Diagnostics ASA,GENT.OL,Stocks,Oslo,ConsumerGoods
Nordic Aqua Partners AS,NOAP.OL,Stocks,Oslo,IndustrialGoods
Hydrogenpro ASA,HYPRO.OL,Stocks,Oslo,Utilities
Hunter Group ASA,HUNT.OL,Stocks,Oslo,Financial
Nordhealth AS,NORDH.OL,Stocks,Oslo,Technology
Western Bulk Chartering AS,WEST.OL,Stocks,Oslo,IndustrialGoods
ContextVision AB,CONTX.OL,Stocks,Oslo,Technology
Arctic Fish Holding AS,AFISH.OL,Stocks,Oslo,ConsumerGoods
Smartoptics Group ASA,SMOP.OL,Stocks,Oslo,Services
MPC Energy Solutions NV,MPCES.OL,Stocks,Oslo,Utilities
Omda AS,OMDA.OL,Stocks,Oslo,Technology
Zalaris ASA,ZAL.OL,Stocks,Oslo,ConsumerGoods
Treasure ASA,TRE.OL,Stocks,Oslo,Financial
Navamedic ASA,NAVA.OL,Stocks,Oslo,ConsumerGoods
Havila Shipping ASA,HAVI.OL,Stocks,Oslo,IndustrialGoods
Arribatec Group ASA,ARR.OL,Stocks,Oslo,Technology
Huddlestock Fintech AS,HUDL.OL,Stocks,Oslo,Technology
Goodtech ASA,GOD.OL,Stocks,Oslo,IndustrialGoods
Golden Energy Offshore Services ASA,GEOS.OL,Stocks,Oslo,IndustrialGoods
PCI Biotech Holding ASA,PCIB.OL,Stocks,Oslo,ConsumerGoods
Norcod AS,NCOD.OL,Stocks,Oslo,ConsumerGoods
Thor Medical ASA,TRMED.OL,Stocks,Oslo,ConsumerGoods
Cyviz AS,CYVIZ.OL,Stocks,Oslo,ConsumerGoods
Skandia Greenpower AS,SKAND.OL,Stocks,Oslo,Utilities
Pryme NV,PRYME.OL,Stocks,Oslo,IndustrialGoods
Kaldvik AS,KLDVK.OL,Stocks,Oslo,ConsumerGoods
Jinhui Shipping and Transportation Ltd,JIN.OL,Stocks,Oslo,IndustrialGoods
Hav Group ASA,HAV.OL,Stocks,Oslo,IndustrialGoods
Akva Group ASA,AKVA.OL,Stocks,Oslo,IndustrialGoods
Fjord Defence Group ASA,DFENS.OL,Stocks,Oslo,IndustrialGoods
Itera ASA,ITERA.OL,Stocks,Oslo,Technology
M Vest Water AS,MVW.OL,Stocks,Oslo,IndustrialGoods
Desert Control AS,DSRT.OL,Stocks,Oslo,BasicMaterials
Tekna Holding ASA,TEKNA.OL,Stocks,Oslo,IndustrialGoods
Ocean Sun AS,OSUN.OL,Stocks,Oslo,Utilities
Havila Kystruten AS,HKY.OL,Stocks,Oslo,ConsumerGoods
Instabank ASA,INSTA.OL,Stocks,Oslo,Financial
Inin Group AS,ININ.OL,Stocks,Oslo,Technology
Pyrum Innovations AG,PYRUM.OL,Stocks,Oslo,IndustrialGoods
Webstep ASA,WSTEP.OL,Stocks,Oslo,Technology
Nordic Halibut AS,NOHAL.OL,Stocks,Oslo,ConsumerGoods
5Th Planet Games A/S,5PG.OL,Stocks,Oslo,Technology
Jaeren Sparebank,JAREN.OL,Stocks,Oslo,Financial
Polaris Media ASA,POL.OL,Stocks,Oslo,Services
Eqva ASA,EQVA.OL,Stocks,Oslo,IndustrialGoods
Aurskog Sparebank,AURG.OL,Stocks,Oslo,Financial
Airthings ASA,AIRX.OL,Stocks,Oslo,IndustrialGoods
Haugesund Sparebank,HGSB.OL,Stocks,Oslo,Financial
River Tech plc,RIVER.OL,Stocks,Oslo,Financial
Nidaros Sparebank,NISB.OL,Stocks,Oslo,Financial
Flekkefjord Sparebank,FFSB.OL,Stocks,Oslo,Financial
Kraft Bank ASA,KRAB.OL,Stocks,Oslo,Financial
Sparebank 68 Grader Nord,SB68.OL,Stocks,Oslo,Financial
Skue Sparebank,SKUE.OL,Stocks,Oslo,Financial
Sogn Sparebank,SOGN.OL,Stocks,Oslo,Financial
Integrated Wind Solutions ASA,IWS.OL,Stocks,Oslo,Utilities
Ads Maritime Holding Plc,ADS.OL,Stocks,Oslo,IndustrialGoods
Petrolia E&P Holdings Plc,PSE.OL,Stocks,Oslo,Utilities
Bien Sparebank ASA,BIEN.OL,Stocks,Oslo,Financial
Melhus Sparebank,MELG.OL,Stocks,Oslo,Financial
Aasen Sparebank,AASB.OL,Stocks,Oslo,Financial
Voss Veksel og Landmandsbank ASA,VVL.OL,Stocks,Oslo,Financial
Grong Sparebank,GRONG.OL,Stocks,Oslo,Financial
Tinde Sparebank,TINDE.OL,Stocks,Oslo,Financial
Matvareexpressen AS,MVE.OL,Stocks,Oslo,ConsumerGoods
CMB Tech NV,CMBTO.OL,Stocks,Oslo,-
